SA2 2011,SA2 2016,Weight
101011001,101051539,1
101011002,101051540,1
101011003,101061541,1
101011004,101061542,1
101011005,101061543,1
101011006,101061544,1
101021007,101021007,1
101021008,101021008,1
101021009,101021009,1
101021010,101021010,1
101021011,101021011,1
101021012,101021012,1
101031013,101031013,1
101031014,101031014,1
101031015,101031015,1
101031016,101031016,1
101041017,101041017,1
101041018,101041018,1
101041019,101041019,1
101041020,101041020,1
101041021,101041021,1
101041022,101041022,1
101041023,101041023,1
101041024,101041024,1
101041025,101041025,1
101041026,101041026,1
101041027,101041027,1
102011028,102011028,1
102011029,102011029,1
102011030,102011030,1
102011031,102011031,1
102011032,102011032,1
102011033,102011033,1
102011034,102011034,1
102011035,102011035,1
102011036,102011036,1
102011037,102011037,1
102011038,102011038,1
102011039,102011039,1
102011040,102011040,1
102011041,102011041,1
102011042,102011042,1
102011043,102011043,1
102021044,102021044,1
102021045,102021045,1
102021046,102021046,1
102021047,102021047,0.9934181
102021047,102021055,0.0065819
102021048,102021048,1
102021049,102021049,1
102021050,102021050,1
102021051,102021051,1
102021052,102021052,1
102021053,102021053,1
102021054,102021054,1
102021055,102021055,1
102021056,102021056,1
102021057,102021057,1
103011058,103011058,1
103011059,103011059,1
103011060,103011060,1
103011061,103011061,1
103021062,103021062,1
103021063,103021063,1
103021064,103021064,1
103021065,103021065,1
103021066,103021066,1
103021067,103021067,1
103021068,103021068,1
103021069,103021069,1
103031070,103031070,1
103031071,103031071,1
103031072,103031072,1
103031073,103031073,1
103031074,103031074,1
103031075,103031075,1
103041076,103041076,1
103041077,103041077,1
103041078,103041078,1
103041079,103041079,1
104011080,104011080,1
104011081,104011081,1
104011082,104011082,0.9999998
104021083,104021083,1
104021084,104021084,1
104021085,104021085,1
104021086,104021086,1
104021087,104021087,1
104021088,104021088,1
104021089,104021089,1
104021090,104021090,1
104021091,104021091,1
105011092,105011092,1
105011093,105011093,1
105011094,105011094,1
105011095,105011095,1
105011096,105011096,1
105021097,105021097,1
105021098,105021098,1
105031099,105031099,1
105031100,105031100,1
105031101,105031101,1
105031102,105031102,1
105031103,105031103,1
105031104,105031104,1
105031105,105031105,1
105031106,105031106,1
106011107,106011107,1
106011108,106011108,1
106011109,106011109,1
106011110,106011110,1
106011111,106011111,1
106011112,106011112,1
106011113,106011113,1
106021114,106021114,1
106021115,106021115,1
106021116,106021116,1
106021117,106021117,1
106021118,106021118,1
106031119,106031119,1
106031120,106031120,1
106031121,106031121,1
106031122,106031122,1
106031123,106031123,1
106031124,106031124,1
106031125,106031125,1
106041126,106041126,1
106041127,106041127,1
106041128,106041128,1
106041129,106041129,1
107011130,107011545,0.4815592
107011130,107011546,0.3617311
107011130,107011547,0.1567096
107011131,107011131,1
107011132,107011132,1
107011133,107011133,1
107011134,107011134,1
107021135,107021135,1
107031136,107031136,1
107031137,107031137,1
107031138,107031138,1
107031139,107031139,1
107031140,107031140,1
107031141,107031141,1
107031142,107031142,1
107031143,107031143,1
107041144,107041144,0.9999364
107041144,107041145,0.0000636
107041145,107041145,1
107041146,107041146,1
107041147,107041147,1
107041148,107041148,1
107041149,107041548,0.4492751
107041149,107041549,0.5507249
107041150,107041150,1
108011151,108011151,1
108011152,108011152,1
108011153,108011153,1
108011154,108011154,1
108021155,108021155,1
108021156,108021156,1
108021157,108021157,1
108021158,108021158,1
108021159,108021159,1
108021160,108021160,1
108031161,108031161,1
108041162,108041162,1
108041163,108041163,1
108041164,108041164,1
108041165,108041165,1
108041166,108041166,1
108051167,108051167,1
108051168,108051168,1
108051169,108051169,1
108051170,108051170,1
108051171,108051171,1
109011172,109011172,0.9999409
109011172,109011175,0.0000591
109011173,109011173,1
109011174,109011174,1
109011175,109011175,1
109011176,109011176,1
109021177,109021177,1
109021178,109021178,1
109021179,109021179,1
109031180,109031180,1
109031181,109031181,1
109031182,109031182,1
109031183,109031183,1
109031184,109031184,1
109031185,109031185,1
110011186,110011186,1
110011187,110011187,1
110011188,110011188,1
110011189,110011189,1
110021190,110021190,1
110021191,110021191,1
110021192,110021192,1
110021193,110021193,1
110021194,110021194,1
110031195,110031195,1
110031196,110031196,1
110031197,110031197,1
110031198,110031198,1
110041199,110041199,1
110041200,110041200,1
110041201,110041201,1
110041202,110041202,1
110041203,110041203,1
110041204,110041204,1
110041205,110041205,1
111011206,111011206,1
111011207,111011207,1
111011208,111011208,1
111011209,111011209,1
111011210,111011210,1
111011211,111011211,1
111011212,111011212,1
111011213,111011213,1
111011214,111011214,1
111021215,111021215,1
111021216,111021216,1
111021217,111021217,1
111021218,111021218,1
111021219,111021219,0.9999246
111021219,111021220,0.0000754
111021220,111021220,1
111021221,111021221,1
111031222,111031222,1
111031223,111031223,1
111031224,111031224,1
111031225,111031225,1
111031226,111031226,1
111031227,111031227,1
111031228,111031228,1
111031229,111031229,1
111031230,111031230,1
111031231,111031231,1
111031232,111031232,1
111031233,111031233,1
111031234,111031234,1
111031235,111031235,1
112011236,112011236,1
112011237,112011237,0.999839
112011237,112021249,0.000161
112011238,112011238,1
112011239,112011239,1
112011240,112011240,1
112011241,112011241,1
112011242,112011242,1
112011243,112011243,1
112021244,112021244,1
112021245,112021244,0.0004192
112021245,112021245,0.9995808
112021246,112021246,1
112021247,112021247,1
112021248,112021248,1
112021249,112021249,1
112031250,112031250,1
112031251,112031251,1
112031252,112031251,0.0001338
112031252,112031252,0.9998662
112031253,112031253,1
112031254,112031254,1
112031255,112031550,0.577569
112031255,112031551,0.1190215
112031255,112031552,0.3034095
113011256,113011256,1
113011257,113011257,1
113011258,113011258,1
113011259,113011259,1
113021260,113021260,1
113021261,113021261,1
113021262,113021262,1
113031263,113031263,1
113031264,101061542,0.0003496
113031264,113031264,0.9996504
113031265,113031265,1
113031266,113031266,1
113031267,113031267,1
113031268,113031268,1
113031269,113031269,1
113031270,113031270,1
113031271,113031268,0.000193
113031271,113031271,0.999807
114011272,114011272,1
114011273,114011273,1
114011274,114011274,1
114011275,114011275,1
114011276,114011276,1
114011277,114011272,0.0005397
114011277,114011277,0.9994603
114011278,114011278,0.9999999
114011278,114011281,0.0000001
114011279,114011279,1
114011280,114011280,1
114011281,114011281,1
114011282,114011282,1
114011283,114011283,1
114021284,114021284,1
114021285,114021285,1
114021286,114021286,1
114021287,114021287,1
114021288,114021288,1
114021289,114021289,1
115011290,115011290,1
115011291,115011291,1
115011292,115011553,0.262683
115011292,115011555,0.4140354
115011292,115011556,0.3232816
115011293,115011554,0.2289908
115011293,115011558,0.7710092
115011294,115011294,0.9999998
115011294,115011555,0.0000002
115011295,115011557,0.21657
115011295,115011559,0.78343
115011296,115011296,1
115021297,115021297,1
115021298,115021298,1
115031299,115031299,1
115031300,115031300,1
115041301,115041301,1
115041302,115041302,1
116011303,116011303,1
116011304,116011304,1
116011305,116011560,0.4356778
116011305,116011561,0.5643222
116011306,116011306,1
116011307,116011307,1
116011308,116011308,1
116021309,116021309,1
116021310,116021310,0.9999132
116021310,116021563,0.0000868
116021311,116021562,0.1426245
116021311,116021563,0.8573755
116021312,116021312,1
116031313,116031313,1
116031314,116031314,1
116031315,116031315,1
116031316,116031316,1
116031317,116031317,1
116031318,116031318,1
116031319,116031319,1
117011320,117011320,1
117011321,117011321,1
117011322,117011322,1
117011323,117011323,1
117011324,117011324,1
117011325,117011325,1
117021326,117021326,1
117021327,117021327,1
117021328,117021328,1
117031329,117031329,1
117031330,117031330,1
117031331,117031331,1
117031332,117031332,1
117031333,117031333,1
117031334,117031334,1
117031335,117031335,1
117031336,117031336,1
117031337,117031337,1
117031338,117031338,1
118011339,118011339,1
118011340,118011340,1
118011341,118011341,1
118011342,118011342,1
118011343,118011343,1
118011344,118011344,1
118011345,118011345,1
118011346,118011346,1
118011347,118011347,1
118021348,118021348,1
118021349,118021564,0.4753682
118021349,118021565,0.5246318
118021350,118021350,1
118021351,118021566,0.3124938
118021351,118021567,0.3630163
118021351,118021568,0.3244899
118021352,118021569,0.5822845
118021352,118021570,0.4177155
119011353,119011571,0.4991566
119011353,119011572,0.5008434
119011354,119011354,1
119011355,119011355,1
119011356,119011356,1
119011357,119011357,1
119011358,119011358,1
119011359,119011359,1
119011360,119011360,1
119011361,119011361,1
119021362,119021362,1
119021363,119021363,1
119021364,119021364,1
119021365,119021573,0.615241
119021365,119021574,0.384759
119021366,119021366,1
119021367,119021367,1
119031368,119031368,1
119031369,119031369,1
119031370,119031370,1
119031371,119031371,1
119031372,119031372,1
119031373,119031373,1
119031374,119031374,1
119041375,119041375,1
119041376,119041376,0.999945
119041376,119041378,0.000055
119041377,119041377,1
119041378,119041378,1
119041379,119041379,1
119041380,119041380,1
119041381,119041381,1
119041382,119041382,1
120011383,120011383,1
120011384,120011384,1
120011385,120011385,1
120011386,120011386,1
120021387,120021387,1
120021388,120021388,1
120021389,120021389,1
120031390,120031390,1
120031391,120031391,1
120031392,120031392,1
120031393,120031393,1
120031394,120031394,1
120031395,120031395,1
120031396,120031396,1
120031397,120031575,0.8764705
120031397,120031576,0.1235295
121011398,121011398,1
121011399,121011399,1
121011400,121011400,1
121011401,121011401,1
121011402,121011402,1
121021403,121021403,1
121021404,121021404,1
121021405,121021406,0.0006809
121021405,121021577,0.3646983
121021405,121021578,0.3399152
121021405,121021579,0.2947055
121021406,121021406,1
121031407,121031407,1
121031408,121031408,1
121031409,121031409,1
121031410,121031410,1
121031411,121031411,1
121031412,121031412,1
121041413,121041413,1
121041414,121041414,1
121041415,121041415,1
121041416,121041416,1
121041417,121041417,1
122011418,122011418,1
122011419,122011419,1
122021420,122021420,1
122021421,122021421,1
122021422,122021422,1
122021423,122021421,0.0014648
122021423,122021423,0.9985352
122031424,122031424,1
122031425,122031425,1
122031426,122031426,1
122031427,122031427,1
122031428,122031428,1
122031429,122031429,1
122031430,122031430,1
122031431,122031431,1
122031432,122031432,1
123011433,123011433,1
123011434,123011434,1
123011435,123011435,1
123021436,123021436,1
123021437,123021437,1
123021438,123021438,1
123021439,123021439,1
123021440,123021440,1
123021441,123021441,1
123021442,123021442,1
123021443,123021443,1
123021444,123021444,1
123031445,123031445,1
123031446,123031446,1
123031447,123031447,1
123031448,123031448,1
124011449,124011449,1
124011450,124011450,1
124011451,124011451,1
124011452,124011452,1
124011453,124011453,1
124011454,124011454,1
124011455,124011455,1
124021456,124021456,1
124031457,124031457,1
124031458,124031458,1
124031459,124031459,1
124031460,124031460,0.9996229
124031460,124031463,0.0003771
124031461,124031461,1
124031462,124031462,1
124031463,124031463,0.9797804
124031463,127011592,0.0202196
124031464,124031464,1
124031465,124031465,1
124041466,124041466,1
124041467,124041467,1
124041468,124041468,1
124051469,124051469,1
124051470,124051470,1
124051471,124051580,0.4272289
124051471,124051581,0.5727711
125011472,125011582,0.4705044
125011472,125011583,0.2986962
125011472,125011584,0.2307993
125011473,125011473,1
125011474,125011585,0.2811278
125011474,125011586,0.5560486
125011474,125011587,0.1628236
125011475,125011475,1
125021476,125021476,1
125021477,125021477,1
125021478,125021478,1
125031479,125031479,1
125031480,125031480,1
125031481,125031481,1
125031482,125031482,1
125031483,125031483,1
125031484,125031484,1
125031485,125031485,1
125031486,125031486,1
125031487,125031487,1
125041488,125041588,0.4424
125041488,125041589,0.5576
125041489,125041489,1
125041490,125041490,1
125041491,125041491,1
125041492,125041492,1
125041493,125041493,1
125041494,125041494,1
126011495,126011495,1
126011496,126011496,1
126021497,126021497,1
126021498,126021498,1
126021499,126021499,1
126021500,126021500,1
126021501,126021501,1
126021502,126021590,0.1559885
126021502,126021591,0.8440115
126021503,126021503,1
127011504,127011504,1
127011505,127011505,0.9077243
127011505,127011592,0.0159528
127011505,127011597,0.076323
127011506,127011505,0.0022909
127011506,127011506,0.9977091
127011507,127011593,0.2387015
127011507,127011594,0.4304338
127011507,127011595,0.3308648
127011508,127011596,0.4824832
127011508,127011597,0.5175168
127021509,127021509,1
127021510,127021510,1
127021511,127021511,1
127021512,127021512,1
127021513,127021513,1
127021514,127021514,1
127021515,127021515,1
127021516,127021516,1
127021517,127021517,1
127021518,127021518,1
127021519,127021519,1
127021520,127021520,1
127021521,127021521,1
127031522,127031522,1
127031523,127031523,1
127031524,127031524,1
127031525,127031598,0.8428999
127031525,127031601,0.1571001
127031526,127031599,0.4225925
127031526,127031600,0.5774075
128011527,128011602,0.4276967
128011527,128011603,0.4529873
128011527,128011605,0.1193161
128011528,128011604,0.7424978
128011528,128011606,0.2575022
128011529,128011529,1
128011530,128011530,1
128011531,128011531,1
128021532,128021607,0.6007282
128021532,128021608,0.2598348
128021532,128021609,0.139437
128021533,128021533,1
128021534,128021534,1
128021535,128021535,1
128021536,128021536,1
128021537,128021537,1
128021538,128021538,1
197979799,197979799,
199999499,199999499,1
201011001,201011001,1
201011002,201011002,1
201011003,201011003,1
201011004,201011004,1
201011005,201011005,1
201011006,201011006,1
201011007,201011007,1
201011008,201011008,1
201021009,201021009,1
201021010,201021010,1
201021011,201021011,1
201021012,201021012,1
201031013,201031013,1
201031014,201031014,1
201031015,201031015,1
201031016,201031016,1
201031017,201031017,1
202011018,202011018,1
202011019,202011019,1
202011020,202011020,1
202011021,202011021,1
202011022,202011022,1
202011023,202011022,0.0172767
202011023,202011023,0.9827233
202011024,202011024,1
202011025,202011025,1
202021026,202021026,1
202021027,202021027,1
202021028,202021028,1
202021029,202021029,1
202021030,202021030,1
202021031,202021031,1
202031032,202031032,1
202031033,202031033,1
203011034,203011034,1
203011035,203011035,1
203011036,203011036,1
203021037,203021037,1
203021038,203021038,1
203021039,203021039,1
203021040,203021040,1
203021041,203021041,1
203021042,203021042,1
203021043,203021043,1
203021044,203021044,1
203021045,203021045,1
203021046,203021046,1
203021047,203021047,1
203031048,203031048,1
203031049,203031049,1
203031050,203031050,1
203031051,203031051,1
203031052,203031052,0.9999998
203031053,203031053,1
204011054,204011054,1
204011055,204011055,1
204011056,204011056,1
204011057,204011057,1
204011058,204011058,1
204011059,204011059,1
204011060,204011060,0.9995389
204011060,204011062,0.0004611
204011061,204011061,1
204011062,204011062,1
204021063,204021063,1
204021064,204021064,1
204021065,204021065,1
204021066,204021066,1
204021067,204021067,1
204031068,204031068,1
204031069,204031069,1
204031070,204031070,1
204031071,204031071,1
204031072,204031072,1
204031073,204031073,1
204031074,204031074,1
204031075,204031075,1
205011076,205011076,1
205011077,205011077,1
205011078,205011078,1
205011079,205011079,1
205021080,205021080,1
205021081,205021081,1
205021082,205021082,1
205021083,205021083,1
205021084,205021082,0.000267
205021084,205021084,0.999733
205021085,205021085,1
205021086,205021086,0.9999998
205021086,205051100,0.0000002
205031087,205031087,1
205031088,205031088,1
205031089,205031089,1
205031090,205031090,1
205031091,205031091,1
205031092,205031092,1
205031093,205031093,1
205041094,205041094,1
205041095,205041095,1
205041096,205041096,1
205041097,205041097,1
205041098,205041098,1
205051099,205051099,1
205051100,205051100,1
205051101,205051101,1
205051102,205051102,1
205051103,205051103,1
205051104,205051104,1
206011105,206011105,1
206011106,206011106,1
206011107,206011107,0.9999999
206011107,206031114,0.0000001
206011108,206011108,1
206011109,206011109,1
206021110,206021110,1
206021111,206021111,1
206021112,206021112,1
206031113,206031113,1
206031114,206031114,1
206031115,206031115,1
206031116,206031116,1
206041117,206041117,1
206041118,206041118,0.9997488
206041118,206051131,0.000173
206041118,206041127,0.0000782
206041119,206041119,1
206041120,206041120,1
206041121,206041121,1
206041122,206041122,1
206041123,206041123,1
206041124,206041124,1
206041125,206041125,1
206041126,206041126,1
206041127,206041127,1
206051128,206051128,1
206051129,206051129,1
206051130,206051130,1
206051131,206051131,1
206051132,206051132,1
206051133,206051133,1
206051134,206051134,1
206061135,206061135,1
206061136,206061136,1
206061137,206061137,1
206061138,206061138,1
206071139,206071139,1
206071140,206071140,1
206071141,206071141,1
206071142,206071142,1
206071143,206071143,1
206071144,206071144,1
206071145,206071145,1
207011146,207011146,0.9920897
207011146,207011150,0.0079103
207011147,207011147,1
207011148,207011148,1
207011149,207011149,1
207011150,207011150,1
207011151,207011151,1
207011152,207011152,1
207011153,207011153,1
207011154,207011154,1
207011155,207011155,1
207021156,207021156,1
207021157,207021157,1
207021158,207021424,0.5294285
207021158,207021425,0.4705715
207021159,207021159,1
207021160,207021160,1
207031161,207031161,1
207031162,207031162,1
207031163,207031163,1
207031164,207031164,1
207031165,207031165,1
207031166,207031166,1
207031167,207031167,1
208011168,208011168,1
208011169,208011169,1
208011170,208011170,1
208011171,208011171,1
208011172,208011172,1
208011173,208011173,1
208021174,208021174,1
208021175,208021426,0.5263666
208021175,208021427,0.4736334
208021176,208021176,1
208021177,208021177,1
208021178,208021178,1
208021179,208021179,1
208021180,208021180,1
208021181,208021181,1
208021182,208021182,1
208031183,208031183,1
208031184,208031184,1
208031185,208031185,1
208031186,208031186,1
208031187,208031187,1
208031188,208031188,1
208031189,208031189,1
208031190,208031190,1
208031191,208031191,1
208031192,208031192,1
208031193,208031193,1
208041194,208041194,1
208041195,208041195,1
209011196,209011196,1
209011197,209011197,1
209011198,209011198,1
209011199,209011199,1
209011200,209011200,1
209011201,209011201,1
209011202,209011202,1
209011203,209011203,1
209011204,209011204,1
209021205,209021205,1
209021206,209021428,0.6146243
209021206,209021429,0.3853757
209021207,209021207,1
209021208,209021208,1
209031209,209031209,1
209031210,209031210,1
209031211,209031211,1
209031212,209031212,1
209031213,209031213,1
209031214,209031214,1
209031215,209031215,1
209041216,209041216,1
209041217,209041217,1
209041218,209041431,0.4516502
209041218,209041432,0.3022687
209041218,209041433,0.2272776
209041218,209041437,0.0188035
209041219,209041219,1
209041220,209041220,1
209041221,209041221,1
209041222,209041430,0.2854755
209041222,209041434,0.1697985
209041222,209041435,0.2419756
209041222,209041436,0.3027504
209041223,209041223,1
209041224,209041224,1
209041225,209041225,1
210011226,210011226,1
210011227,210011227,1
210011228,210011228,1
210011229,210011229,1
210011230,210011230,1
210011231,210011231,1
210021232,210021232,1
210021233,210021233,1
210021234,210021234,1
210021235,210021235,1
210031236,210031236,1
210031237,210031237,1
210031238,210031438,0.7086336
210031238,210031439,0.0989699
210031238,210031440,0.1923965
210031239,210031239,1
210041240,210041240,1
210041241,210041241,1
210051242,210051242,1
210051243,210051243,1
210051244,210051441,0.233667
210051244,210051442,0.2556787
210051244,210051443,0.3436051
210051244,210051444,0.1229918
210051244,210051445,0.0440573
210051245,210051245,1
210051246,210051246,0.9999999
210051246,210051249,0.0000001
210051247,210051247,1
210051248,210051248,1
210051249,210051246,0.0405963
210051249,210051249,0.9594037
210051250,210051250,1
211011251,211011251,1
211011252,211011446,0.8312314
211011252,211011449,0.1687686
211011253,211011447,0.4762091
211011253,211011448,0.5237909
211011254,211011254,1
211011255,211011255,1
211011256,211011256,1
211011257,211011257,1
211011258,211011258,1
211011259,211011259,1
211011260,211011260,1
211021261,211021261,1
211021262,211021262,1
211031263,211031263,1
211031264,211031450,0.4618561
211031264,211031451,0.3850595
211031264,211031452,0.1530843
211031265,211031265,1
211031266,211031266,1
211031267,211031267,1
211031268,211031268,1
211041269,211041269,1
211041270,211041270,1
211041271,211041271,1
211041272,211041272,1
211041273,211041273,1
211051274,211051274,1
211051275,211051275,1
211051276,211051276,1
211051277,211051277,1
211051278,211051278,1
211051279,211051279,1
211051280,211051280,1
211051281,211051281,1
211051282,211051282,1
211051283,211051283,1
211051284,211051284,1
211051285,211051285,1
211051286,211051286,1
212011287,212011287,0.9888482
212011287,212011291,0.0111518
212011288,212011288,1
212011289,212011289,1
212011290,212011290,1
212011291,212011291,1
212011292,212011292,1
212021293,212021293,1
212021294,212021294,1
212021295,212021295,1
212021296,212021453,0.4672757
212021296,212021454,0.5327243
212021297,212021297,1
212021298,212021455,0.5061422
212021298,212021456,0.4938578
212021299,211051274,0.0002119
212021299,212021299,0.9997881
212031300,212031300,1
212031301,212031301,1
212031302,212031302,1
212031303,212031303,1
212031304,212031304,1
212031305,212031305,1
212031306,212031306,1
212031307,212031457,0.4439938
212031307,212031458,0.5560062
212031308,212031308,1
212041309,212041309,1
212041310,212041310,1
212041311,212041311,1
212041312,212041312,1
212041313,212041313,1
212041314,212041314,1
212041315,212041459,0.400402
212041315,212041460,0.599598
212041316,212041316,1
212041317,212041317,1
212041318,212041318,1
212051319,212051319,1
212051320,212051320,1
212051321,212051321,1
212051322,212051322,1
212051323,212051323,1
212051324,212051324,1
212051325,212051325,1
212051326,212051326,1
212051327,212051327,1
213011328,213011328,1
213011329,213011329,1
213011330,213011330,1
213011331,213011331,1
213011332,213011332,1
213011333,213011333,1
213011334,213011334,1
213011335,213011335,1
213011336,213011336,1
213011337,213011337,1
213011338,213011338,1
213011339,213011339,1
213011340,213011340,1
213021341,213021341,1
213021342,213021342,1
213021343,213021343,1
213021344,213021344,1
213021345,213021345,1
213021346,213021346,1
213031347,213031347,1
213031348,213031348,1
213031349,213031349,1
213031350,213031350,1
213031351,213031351,1
213031352,213031352,1
213041353,213041353,1
213041354,213041461,0.166828
213041354,213041462,0.1917144
213041354,213041463,0.6414576
213041355,213041355,1
213041356,213041356,1
213041357,213041357,1
213041358,213041358,1
213041359,213041359,1
213041360,213041360,1
213051361,213051361,0.9999999
213051361,213051366,0.0000001
213051362,213051362,1
213051363,213051363,1
213051364,213051464,0.1996861
213051364,213051465,0.6073241
213051364,213051466,0.1929899
213051365,213051365,1
213051366,213051366,1
213051367,213051467,0.6347217
213051367,213051468,0.3652783
213051368,213051368,1
213051369,213051369,1
214011370,214011370,1
214011371,214011371,1
214011372,214011372,1
214011373,214011373,1
214011374,214011374,1
214011375,214011375,1
214011376,214011376,1
214021377,214021377,1
214021378,214021378,1
214021379,214021379,1
214021380,214021380,1
214021381,214021381,1
214021382,214021382,1
214021383,214021383,1
214021384,214021384,1
214021385,214021385,1
215011386,215011386,1
215011387,215011387,1
215011388,215011388,1
215011389,215011389,1
215011390,215011390,1
215011391,215011391,1
215011392,215011392,1
215011393,215011393,1
215011394,215011394,1
215021395,215021395,1
215021396,215021396,1
215021397,215021395,0.0009158
215021397,215021469,0.5603256
215021397,215021470,0.4387585
215021398,215021398,1
215021399,215021399,1
215031400,215031400,1
215031401,215031401,1
215031402,215031402,1
215031403,215031403,1
215031404,215031404,1
215031405,215031405,1
216011406,216011406,1
216011407,216011407,1
216011408,216011408,1
216011409,216011409,1
216011410,216011410,1
216021411,216021411,1
216021412,216021412,1
216021413,216021413,1
216021414,216021414,1
216031415,216031415,1
216031416,216031416,1
216031417,216031417,1
216031418,216031418,1
216031419,216031419,1
217011420,217011420,1
217011421,217011421,1
217011422,217011422,1
217011423,217011423,1
217021424,217031471,1
217021425,217031472,1
217021426,217031473,1
217021427,217031474,1
217021428,217031475,1
217021429,217041477,0.999706
217021429,217041478,0.000294
217021430,217041478,1
217021431,217031476,1
217021432,217041479,1
217021433,217041480,1
297979799,297979799,1
299999499,299999499,1
301011001,301011001,1
301011002,301011002,0.9997436
301011002,303031064,0.0002564
301011003,301011003,1
301011004,301011004,1
301011005,301011005,1
301011006,301011001,0.0002546
301011006,301011006,0.9997454
301021007,301021007,1
301021008,301021008,0.9999996
301021008,301011006,0.0000004
301021009,301021009,0.999825
301021009,301021013,0.000175
301021010,301021527,0.965821
301021010,313051542,0.034179
301021011,301021011,0.9983517
301021011,301021012,0.0016483
301021012,301011001,0.0001539
301021012,301021012,0.9998461
301021013,301021013,0.9999997
301021013,301021009,0.0000002
301021013,301021012,0.0000001
301031014,301031014,1
301031015,301031015,1
301031016,301031016,1
301031017,301031017,1
301031018,301031018,1
301031019,301031019,1
301031020,301031020,1
301031021,301031021,1
302011022,302011022,1
302011023,302011023,1
302011024,302011024,1
302011025,302011025,1
302011026,302011026,1
302021027,302021027,0.9999998
302021027,302021029,0.0000002
302021028,302021028,0.9999999
302021028,302021030,0.0000001
302021029,302021029,1
302021030,302021030,1
302021031,302021031,0.9998412
302021031,305031123,0.0001587
302021031,305031131,0.0000001
302021032,302021032,1
302021033,302021033,1
302021034,302021034,0.9999999
302021034,302031038,0.0000001
302031035,302031035,0.9981482
302031035,302031038,0.0018518
302031036,302031036,0.9949443
302031036,302031039,0.0050557
302031037,302031037,1
302031038,302031038,0.9999997
302031038,302031039,0.0000002
302031038,302031040,0.0000002
302031039,302031036,0.0088294
302031039,302031039,0.9911706
302031040,302031040,1
302041041,302011022,0.0001514
302041041,302041041,0.9998486
302041042,302041042,1
302041043,302041043,1
302041044,302041044,1
302041045,302041045,1
302041046,302041046,1
303011047,303011047,1
303011048,303011048,1
303011049,303011049,1
303011050,303011050,1
303011051,303011051,1
303021052,303021052,1
303021053,303021053,0.9995439
303021053,303021055,0.0004444
303021053,305021118,0.0000117
303021054,303021054,1
303021055,303021055,1
303021056,303021056,1
303021057,303021057,1
303021058,303021058,1
303021059,303021059,0.9999999
303021059,303041068,0.0000001
303031060,303031060,0.9994269
303031060,303031065,0.0005731
303031061,303031061,0.9999998
303031061,303031060,0.0000002
303031062,303031062,1
303031063,303031063,1
303031064,303031064,1
303031065,303031065,1
303031066,303031066,1
303041067,303041067,1
303041068,303041068,0.9999999
303041068,303041071,0.0000001
303041069,303041069,1
303041070,303041070,1
303041071,303041071,1
303051072,303051072,1
303051073,303051073,1
303051074,303051074,0.9999915
303051074,310011273,0.0000085
303051075,303051075,1
303051076,303051076,1
303061077,303061077,0.9996868
303061077,303061078,0.0003132
303061078,303061077,0.0002205
303061078,303061078,0.9997795
303061079,303041067,0.0002472
303061079,303061079,0.9997525
303061079,303061078,0.0000002
303061080,303051076,0.0001933
303061080,303061080,0.9998067
304011081,304011081,1
304011082,304011082,1
304011083,304011083,1
304011084,304011084,1
304011085,304011085,1
304021086,304021086,1
304021087,304021087,0.9999997
304021087,304021090,0.0000003
304021088,304021088,1
304021089,304021089,1
304021090,304021090,1
304021091,304021091,1
304031092,304031092,1
304031093,304031093,1
304031094,304031094,1
304031095,304031095,1
304031096,304031096,1
304031097,304031097,1
304041098,302011025,0.0005182
304041098,304041098,0.9919433
304041098,304041101,0.0075385
304041099,304041099,1
304041100,304041098,0.0002855
304041100,304041100,0.9997145
304041101,304041101,1
304041102,304041102,1
304041103,304041103,1
304041104,304041104,0.9999999
304041104,314011386,0.0000001
305011105,305011105,1
305011106,305011106,0.9998491
305011106,305031128,0.0001509
305011107,305011107,1
305011108,305011108,1
305011109,305011109,1
305011110,305011110,1
305011111,305011111,1
305011112,305011112,1
305021113,305021113,1
305021114,305021114,1
305021115,305021115,0.9999996
305021115,303021053,0.0000004
305021116,305021116,1
305021117,305021117,1
305021118,305021118,1
305031119,305031119,1
305031120,305031120,0.9978269
305031120,305031127,0.0021729
305031120,302021032,0.0000002
305031121,305031121,1
305031122,305031122,1
305031123,305031123,1
305031124,305031124,1
305031125,305031125,1
305031126,305031126,1
305031127,305031127,1
305031128,305031128,1
305031129,305031129,1
305031130,305031130,1
305031131,305031131,1
305041132,305041132,1
305041133,305041133,1
305041134,305041134,1
305041135,305041135,1
305041136,305041136,1
305041137,305041137,1
306011138,306011138,1
306011139,306011139,1
306011140,306011140,1
306011141,306011141,1
306011142,306011142,0.9999999
306011142,306011139,0.0000001
306011143,306011143,1
306021144,306021144,1
306021145,306021145,1
306021146,306021146,1
306021147,306021147,1
306021148,306021148,1
306021149,306021149,1
306021150,306021150,1
306021151,306021151,1
306021152,306021152,1
306021153,306021153,1
306021154,306021154,1
306021155,306021155,1
306021156,306021156,1
306021157,306021157,1
306031158,306031158,1
306031159,306031159,1
306031160,306031160,1
306031161,306031161,1
306031162,306031162,1
306031163,306031163,1
306041164,306041164,1
306041165,306041165,1
306051166,306051166,1
306051167,306051167,0.9984986
306051167,315011400,0.0007507
306051167,318011463,0.0007507
306051168,306051168,1
306051169,306051169,1
306051170,306051170,1
307011171,307011171,0.9994034
307011171,307011174,0.0005966
307011172,307011172,1
307011173,307011173,0.9996378
307011173,307011174,0.0003622
307011174,307011174,1
307011175,307011175,1
307011176,307011176,1
307011177,307011177,1
307011178,307011178,1
307021179,307021179,1
307021180,307021179,0.0002894
307021180,307021180,0.9990497
307021180,317011449,0.0006609
307021181,307021180,0.0003052
307021181,307021181,0.9996948
307021182,307021182,0.9996451
307021182,317011445,0.0003549
307021183,307021183,1
307031184,307031184,1
307031185,307031185,1
307031186,307031186,1
307031187,307031187,0.9996995
307031187,307031188,0.0003005
307031188,307031186,0.0002801
307031188,307031188,0.9997199
307031189,307031189,1
308011190,308011190,1
308011191,308011191,1
308011192,308011192,1
308021193,308051530,0.9999998
308021193,319021504,0.0000002
308021194,308041528,0.9999767
308021194,308031220,0.0000233
308021195,308041529,1
308021196,308051531,1
308021197,308051532,0.9978434
308021197,308051535,0.0021566
308021198,308051533,0.9999094
308021198,308051532,0.0000906
308021199,308051534,0.9999995
308021199,308051532,0.0000005
308021200,308051535,0.9999465
308021200,308051531,0.0000535
308021201,308051536,1
308021202,308051537,1
308021203,308051538,0.9999998
308021203,308051537,0.0000002
308021204,308051539,1
308031205,308031205,1
308031206,308031206,1
308031207,308031207,1
308031208,308031208,1
308031209,308031209,1
308031210,308031210,1
308031211,308031211,1
308031212,308031212,1
308031213,308031213,1
308031214,308031214,1
308031215,308031215,1
308031216,308031216,1
308031217,308031217,1
308031218,308031218,1
308031219,308031219,1
308031220,308031220,1
308031221,308031221,1
308031222,308031222,1
308031223,308031223,1
309011224,309011224,0.9999999
309011224,309011227,0.0000001
309011225,309011225,1
309011226,309011226,1
309011227,309011227,1
309011228,309011228,1
309011229,309011229,1
309021230,309021230,1
309021231,309021231,0.9999999
309021231,309021232,0.0000001
309021232,309021232,1
309021233,309021233,1
309021234,309021234,0.9999998
309021234,309011225,0.0000002
309031235,309031235,1
309031236,309031236,1
309031237,309031237,1
309031238,309031238,1
309031239,309031239,1
309031240,309031240,1
309041241,309041241,0.9992492
309041241,309041242,0.0007508
309041242,309041242,1
309051243,309021233,0.0002568
309051243,309051243,0.9997432
309051244,309051244,1
309051245,309051245,1
309061246,309061246,1
309061247,309061247,0.9877286
309061247,309061248,0.0122714
309061248,309041241,0.0001115
309061248,309061248,0.9998885
309061249,309061249,1
309061250,309061248,0.0016754
309061250,309061250,0.9983246
309071251,309071251,1
309071252,309071252,1
309071253,309071253,1
309071254,309071254,1
309071255,309071255,0.9998584
309071255,309071258,0.0001416
309071256,309061249,0.0002048
309071256,309071256,0.9997952
309071257,309071257,1
309071258,309071258,0.9999434
309071258,309071255,0.0000566
309081259,309081259,1
309081260,309081260,1
309081261,309081261,1
309081262,309081262,1
309091263,309091263,1
309091264,309091264,1
309091265,309091265,1
309091266,309091540,0.4405996
309091266,309091541,0.5594004
309101267,309101267,1
309101268,309101268,1
309101269,309101269,1
309101270,309101270,1
310011271,310011271,1
310011272,310011272,0.9999995
310011272,303051074,0.0000005
310011273,310011273,1
310011274,310011274,0.9999999
310011274,310011273,0.0000001
310011275,310011275,1
310011276,310011276,1
310021277,310021277,1
310021278,310021278,1
310021279,310021279,1
310021280,310021280,1
310021281,310021281,1
310021282,310021277,0.0002736
310021282,310021282,0.9997264
310031283,310031283,1
310031284,310031284,1
310031285,310031285,1
310031286,310031286,0.9999999
310031286,310031287,0.0000001
310031287,310031287,1
310031288,310031288,1
310031289,310031289,1
310031290,310031290,1
310031291,310031291,1
310031292,310031292,1
310031293,310031293,1
310031294,310031294,1
310031295,310031295,1
310041296,310041296,1
310041297,310041297,1
310041298,310041298,1
310041299,310041299,1
310041300,310041300,0.9999999
310041300,310041299,0.0000001
310041301,310041301,1
310041302,310041302,0.9999746
310041302,310031294,0.0000254
310041303,310041303,1
310041304,310041304,0.9999945
310041304,311041320,0.0000055
311011305,311011305,1
311021306,311021306,1
311021307,311021307,1
311021308,311021308,1
311021309,311021309,1
311021310,311021310,1
311031311,311031311,1
311031312,311031312,1
311031313,311031313,1
311031314,311031314,1
311031315,311031315,1
311031316,311031316,1
311031317,311031317,1
311031318,311031318,1
311031319,311031319,1
311041320,311031318,0.0001446
311041320,311041320,0.9998554
311041321,311041321,0.9999412
311041321,311011305,0.0000588
311041321,311041320,0.0000001
311041322,311041321,0.0003103
311041322,311041322,0.9996897
311051323,311051323,1
311051324,301021011,0.0001799
311051324,311051324,0.9998201
311051325,311051325,0.9999254
311051325,311051326,0.0000746
311051326,311051326,1
311051327,311051327,1
311051328,311051326,0.0015781
311051328,311051328,0.9984219
311061329,311061329,1
311061330,311061330,0.9999999
311061330,311051326,0.0000001
311061331,311061331,1
311061332,311061332,1
311061333,311061333,1
311061334,311061334,1
311061335,311061335,1
311061336,311061336,1
312011337,312011337,1
312011338,312011338,1
312011339,308011191,0.0009042
312011339,312011339,0.9990958
312011340,312011337,0.0087168
312011340,312011340,0.9912827
312011340,318011463,0.0000005
312011341,312011341,1
312021342,312021342,1
312021343,312021343,1
312021344,312021344,1
312021345,312021345,1
312021346,312021346,0.9999727
312021346,312021356,0.0000273
312021347,312021347,1
312021348,312021344,0.0010375
312021348,312021348,0.9989625
312021349,312021349,1
312021350,312021350,1
312021351,312021351,0.9996557
312021351,312021353,0.0003443
312021352,312021352,1
312021353,312021353,1
312021354,312021354,1
312021355,312021355,1
312021356,312021356,1
312021357,312021350,0.0029244
312021357,312021351,0.000909
312021357,312021357,0.9961666
312021358,312021358,1
312031359,312031359,1
312031360,312031360,1
312031361,312031361,1
313011362,313011362,1
313011363,313011363,1
313021364,313021364,1
313021365,313021365,1
313021366,313021366,1
313021367,313021367,1
313021368,313021368,1
313021369,313021366,0.000565
313021369,313021367,0.0007302
313021369,313021369,0.9987048
313031370,313031370,1
313031371,313031371,1
313041372,313041372,0.9999141
313041372,313041374,0.0000859
313041373,313041373,1
313041374,313041374,1
313041375,313041375,1
313041376,313021366,0.0584274
313041376,313041376,0.9415726
313051377,313051377,1
313051378,313051378,1
313051379,313051379,0.9954628
313051379,313051542,0.0045372
313051380,313051380,0.9998537
313051380,313051542,0.0001463
313051381,313051380,0.0006825
313051381,313051542,0.9993175
314011382,314011382,0.9999999
314011382,314031394,0.0000001
314011383,314011383,1
314011384,314011384,1
314011385,314011385,1
314011386,314011386,1
314011387,314011387,1
314021388,314021388,0.9998771
314021388,314031393,0.0001229
314021389,314021388,0.0006225
314021389,314021389,0.9993773
314021389,314021390,0.0000002
314021390,314021390,1
314031391,314031391,0.9999999
314031391,314031394,0.0000001
314031392,314031392,1
314031393,314031393,1
314031394,314031394,0.9999663
314031394,314031392,0.0000337
315011395,315011395,1
315011396,315011396,0.9999972
315011397,315011397,1
315011398,315011398,0.9999988
315011398,315011395,0.0000012
315011399,315011399,0.9999991
315011400,315011400,1
315011401,315011401,0.9999951
315011402,315011402,1
315011403,315011403,1
315021404,315021404,1
315021405,315021405,1
315021406,315021406,1
315021407,315021407,1
315031408,315031408,1
315031409,315031409,1
315031410,315031410,1
315031411,315031411,1
315031412,315031412,1
316011413,316011413,0.9997733
316011413,316011414,0.0002267
316011414,316011414,1
316011415,316011415,0.9999999
316011415,316021423,0.0000001
316011416,316011416,1
316021417,316021417,1
316021418,316021418,1
316021419,316021419,1
316021420,316021420,1
316021421,316021421,1
316021422,316021422,1
316021423,316021423,0.9999999
316021423,316021418,0.0000001
316021424,316021424,1
316031425,316031425,1
316031426,316031426,1
316031427,316031427,0.9999999
316031427,316011413,0.0000001
316031428,316011413,0.0001614
316031428,316031428,0.9998385
316031428,316021418,0.0000001
316041429,316071545,1
316041430,316071546,1
316041431,316071547,1
316041432,316071548,1
316041433,316071547,0.0001652
316041433,316081549,0.9998348
316051434,316051434,1
316051435,316051435,1
316051436,316031425,0.0003796
316051436,316051543,0.4918383
316051436,316051544,0.5077821
316051437,316051437,1
316051438,316051438,1
316061439,316061439,0.9996848
316061439,316061442,0.0003146
316061440,316061440,0.9998617
316061440,316061442,0.0001383
316061441,316061441,1
316061442,316061440,0.0001876
316061442,316061442,0.9998124
316061443,316061443,1
316061444,316061444,1
317011445,317011445,1
317011446,317011445,0.0001036
317011446,317011446,0.9998964
317011447,317011447,1
317011448,317011448,0.9998324
317011448,317011451,0.0001676
317011449,317011449,1
317011450,317011449,0.0006575
317011450,317011450,0.9993425
317011451,317011451,1
317011452,317011452,1
317011453,317011453,1
317011454,317011454,1
317011455,317011455,1
317011456,317011456,1
317011457,317011457,1
317011458,317011458,1
317011459,317011459,1
318011460,318011460,1
318011461,318011461,0.9999999
318011461,318011460,0.0000001
318011462,318011462,1
318011463,318011463,1
318011464,318011464,1
318011465,318011465,1
318011466,318011466,1
318021467,318021467,1
318021468,318021468,0.9999999
318021468,318021485,0.0000001
318021469,318021469,1
318021470,318021470,0.9999169
318021470,318021473,0.0000831
318021471,318021471,0.9996952
318021471,318021480,0.0003048
318021472,318021472,1
318021473,318021473,1
318021474,318021474,1
318021475,318021475,1
318021476,318021476,1
318021477,318021477,1
318021478,318021478,1
318021479,318021479,1
318021480,318021480,1
318021481,318021481,1
318021482,318021482,1
318021483,318021483,1
318021484,318021484,1
318021485,318021485,1
318021486,318021486,1
318021487,318021487,0.9999
318021487,318021491,0.0001
318021488,318021488,0.9999998
318021488,318021478,0.0000002
318021489,318021489,1
318021490,318021490,1
318021491,318021489,0.0069159
318021491,318021491,0.9930841
319011492,319011492,1
319011493,319011493,1
319011494,319011494,1
319011495,319011495,1
319011496,319011496,1
319011497,319011497,0.9998144
319011497,319011498,0.0001856
319011498,308051530,0.0001248
319011498,319011497,0.0002663
319011498,319011498,0.9994813
319011498,319021504,0.0001277
319011499,319011499,1
319011500,319011500,1
319011501,319011501,1
319011502,319011502,0.9999127
319011502,319011493,0.0000873
319021503,319021503,0.9998116
319021503,319021508,0.0001884
319021504,319021504,0.9999996
319021504,308051530,0.0000004
319021505,319021505,1
319021506,319021506,1
319021507,319021507,1
319021508,319021508,1
319021509,319021509,1
319021510,319021510,1
319031511,319031511,1
319031512,319031512,1
319031513,319031513,1
319031514,319031512,0.000395
319031514,319031514,0.9995798
319031514,319031515,0.0000252
319031515,319031515,1
319041516,319041516,1
319041517,319041517,1
319041518,319041518,1
319041519,319041519,1
319041520,319041518,0.0001062
319041520,319041520,0.9998938
319041521,319041521,1
319051522,319051522,1
319051523,319051523,1
319051524,319051524,1
319051525,319051525,1
319051526,319051526,1
397979799,397979799,1
399999499,399999499,1
401011001,401011001,1
401011002,401011002,1
401021003,401021003,1
401021004,401021004,1
401021005,401021005,1
401021006,401021006,1
401021007,401021007,1
401021008,401021008,1
401021009,401021009,1
401021010,401021010,1
401031011,401031011,1
401031012,401031012,1
401031013,401031013,1
401041014,401041014,1
401041015,401041015,1
401041016,401041016,1
401051017,401051017,1
401051018,401051018,1
401051019,401051019,1
401061020,401061020,1
401061021,401061021,1
401061022,401061022,1
401071023,401071023,1
401071024,401071024,1
402011025,402011025,1
402011026,402011025,0.0001671
402011026,402011026,0.9998329
402011027,402011027,1
402021028,402021028,1
402021029,402021029,1
402021030,402021030,1
402021031,402021031,1
402021032,402011025,0.0002356
402021032,402021032,0.9997644
402021033,402021033,1
402021034,402021034,1
402021035,402021035,0.9999997
402021035,402041039,0.0000003
402031036,402031036,1
402031037,402031037,1
402031038,402031038,1
402041039,402041039,1
402041040,402041040,1
402041041,402041041,1
402041042,402041042,1
402041043,402041043,1
402041044,402041044,1
402041045,402041171,0.5869898
402041045,402041172,0.4130102
402041046,402041046,1
402041047,402041047,1
402041048,402041048,1
402051049,402051049,1
402051050,402051050,1
402051051,402051051,1
402051052,402051052,1
402051053,402051053,1
402051054,402051054,1
402051055,402051055,1
403011056,403011056,1
403011057,403011057,1
403021058,403021058,1
403021059,403021059,1
403021060,403021060,1
403021061,403021061,1
403021062,403021062,1
403021063,403021063,1
403021064,403021064,1
403031065,403031065,1
403031066,403031066,1
403031067,403031067,1
403031068,403031068,1
403031069,403031069,1
403031070,403031070,1
403041071,403041071,1
403041072,403041072,1
403041073,403041073,1
403041074,403041074,1
403041075,403041075,1
403041076,403041076,1
403041077,403041077,1
403041078,403041078,1
403041079,403041079,1
403041080,403041080,1
403041081,403041081,1
403041082,403041082,1
403041083,403041083,1
403041084,403041084,1
403041085,403041085,1
403041086,403041086,1
403041087,403041087,1
403041088,403041088,1
403041089,403041089,1
404011090,404011090,1
404011091,404011091,1
404011092,404011092,1
404011093,404011093,1
404011094,404011094,1
404011095,404011095,1
404011096,404011096,1
404011097,404011097,1
404021098,404021098,1
404021099,404021099,1
404021100,404021100,1
404021101,404021101,1
404021102,404021102,1
404021103,404021103,1
404031104,404031104,1
404031105,404031105,1
404031106,404031106,1
404031107,404031107,1
404031108,404031108,1
404031109,404031109,1
405011110,405011110,1
405011111,405011111,1
405011112,405011112,1
405011113,405011113,1
405011114,405011114,1
405011115,405011115,1
405021116,405021116,1
405021117,405021117,1
405021118,405021118,1
405021119,405021119,1
405031120,405031120,1
405031121,405031121,1
405031122,405031122,1
405031123,405031123,1
405041124,405041124,1
405041125,405041125,1
405041126,405041126,1
405041127,405041127,0.999999
405041128,405041128,1
406011129,406011129,1
406011130,406011130,1
406011131,406011131,1
406011132,406011131,0.0006709
406011132,406011132,0.9993286
406011132,406021141,0.0000004
406011133,406011133,1
406011134,406011134,1
406011135,406011135,1
406011136,406011136,1
406011137,406011137,1
406021138,406021138,1
406021139,406021139,1
406021140,406011131,0.0021019
406021140,406021140,0.9960583
406021140,406021141,0.0018397
406021141,406021140,0.0002992
406021141,406021141,0.9915564
406021141,407031159,0.0081442
406021141,406011134,0.0000001
406021142,406021142,1
406021143,406021143,1
407011144,407011144,1
407011145,407011145,1
407011146,407011146,1
407011147,407011147,1
407011148,407011148,1
407011149,407011149,1
407021150,407021150,1
407021151,407021151,1
407021152,407021152,1
407021153,407021173,0.5155718
407021153,407021174,0.4844282
407021154,407021154,1
407021155,407021155,1
407021156,407021156,1
407021157,407021157,1
407021158,407021158,0.9999984
407031159,407031159,1
407031160,407031160,1
407031161,407031161,1
407031162,407031162,1
407031163,407031163,1
407031164,407031164,1
407031165,407031165,1
407031166,407031166,1
407031167,407031167,1
407031168,407031168,1
407031169,407031169,1
407031170,406021141,0.0001673
407031170,407031170,0.9998327
497979799,497979799,1
499999499,499999499,1
501011001,501011001,1
501011002,501011002,1
501011003,501011003,1
501011004,501011004,1
501021005,501021005,0.9996014
501021005,501021014,0.0003986
501021006,501021253,0.6898683
501021006,501021254,0.3101317
501021007,501021007,1
501021008,501021008,1
501021009,501021009,1
501021010,501021010,1
501021011,501021011,1
501021012,501021012,1
501021013,501021251,0.711126
501021013,501021252,0.288874
501021014,501021014,1
501021015,501021015,1
501021016,501021016,1
501031017,501031017,1
501031018,501031018,1
501031019,501031019,1
501031020,501031020,1
502011021,502011021,1
502011022,502011022,1
502011023,502011023,1
502011024,502011024,1
502011025,502011025,1
502011026,502011026,1
502011027,502011027,1
502011028,502011028,1
502011029,502011029,1
503011030,503011030,1
503011031,503011031,1
503011032,503011032,1
503011033,503011033,1
503011034,503011034,1
503011035,503011035,1
503011036,503011036,1
503021037,503021037,1
503021038,503021038,1
503021039,503021039,1
503021040,503021040,1
503021041,503021041,1
503021042,503021042,1
503021043,503021043,1
504011044,504011044,1
504011045,504011045,1
504011046,504011046,1
504011047,504011047,1
504011048,504011048,1
504021049,504021049,1
504021050,504021050,1
504021051,504021051,1
504021052,504021052,1
504021053,504021053,1
504021054,504021054,1
504031055,504031055,1
504031056,504031056,1
504031057,504031057,1
504031058,504031058,1
504031059,504031059,0.9995437
504031059,504031068,0.0004563
504031060,504031060,1
504031061,504031061,0.9977967
504031061,504031066,0.0022028
504031061,506021118,0.0000003
504031061,506021121,0.0000003
504031062,504031062,1
504031063,504031063,1
504031064,504031064,1
504031065,504031065,1
504031066,504031066,1
504031067,504031067,1
504031068,504031068,1
504031069,504031069,1
505011070,505011070,1
505011071,505011071,1
505011072,505011072,1
505011073,505011073,1
505011074,505011074,1
505011075,505011075,1
505011076,505011076,1
505011077,505011077,1
505011078,505011078,1
505011079,505011079,1
505011080,505011080,1
505011081,505011081,1
505011082,505011082,1
505011083,505011083,1
505021084,505021084,1
505021085,505021085,1
505021086,505021086,1
505021087,505021087,1
505021088,505021088,1
505021089,505021089,1
505021090,505021090,1
505021091,505021091,1
505021092,505021092,1
505021093,505021093,1
505021094,505021094,1
505021095,505021095,1
505021096,505021096,1
505021097,505021097,1
505031098,505031098,1
505031099,505031099,1
505031100,505031100,1
505031101,505031101,1
505031102,505031102,1
505031103,505031103,1
505031104,505031104,1
505031105,505031105,1
505031106,505031106,1
505031107,505031107,1
505031108,505031108,1
505031109,505031255,0.0098112
505031109,505031256,0.1009297
505031109,505031257,0.2899474
505031109,505031258,0.5993117
506011110,506011110,1
506011111,506011111,1
506011112,506011112,1
506011113,506011113,1
506011114,506011114,1
506011115,506011115,1
506011116,506011116,1
506011117,506011117,1
506021118,506021118,0.9999999
506021118,504031061,0.0000001
506021119,506021119,1
506021120,506021120,1
506021121,506021121,1
506021122,506021122,1
506021123,506021123,1
506031124,506031124,1
506031125,506031125,1
506031126,506031126,1
506031127,506031127,1
506031128,506031128,1
506031129,506031129,1
506031130,506031130,1
506031131,506031131,1
506041132,506041132,1
506041133,506041133,1
506041134,506041134,1
506041135,506041135,1
506041136,506041136,1
506041137,506041137,1
506051138,506051138,1
506051139,506051139,1
506051140,506051140,1
506051141,506051141,1
506061142,506061142,1
506061143,506061143,1
506061144,506061144,1
506071145,506071145,1
506071146,506071146,1
506071147,506071147,1
507011148,507011148,1
507011149,507011259,1
507011150,507011150,1
507011151,507011151,1
507011152,507011152,1
507011153,507011153,1
507011154,507011154,1
507011155,507011155,1
507011156,507011260,1
507011157,507011260,1
507011158,507011158,1
507011159,507011159,1
507011160,507011160,1
507011161,507011161,1
507011162,507011259,1
507011163,507011163,1
507021164,507021164,1
507021165,507021165,1
507021166,507021166,1
507021167,507021167,1
507031168,507031261,1
507031169,507031169,1
507031170,507031170,0.9999999
507031170,507031174,0.0000001
507031171,507031261,1
507031172,507031172,1
507031173,507031173,1
507031174,507031174,1
507041175,507041175,1
507041176,507041176,1
507041177,507041177,1
507041178,507041178,1
507041179,507041179,1
507041180,507041180,1
507041181,507041181,1
507041182,507041182,1
507041183,507041183,1
507041184,507041184,1
507051185,507051185,1
507051186,507051186,1
507051187,507051187,1
507051188,507051188,1
507051189,507051189,1
507051190,507051190,1
507051191,507051191,1
507051192,507051192,1
507051193,507051193,1
508011194,511011274,1
508011195,511011275,0.9999933
508021196,511021276,1
508021197,511021277,1
508031198,511031278,1
508031199,511031279,1
508031200,511031280,1
508031201,511031281,1
508031202,511031282,1
508031203,511031283,1
508031204,511031284,1
508041205,510011262,1
508041206,510011263,0.9999976
508041207,510011264,1
508041208,510011265,0.9999826
508041209,510011266,1
508051210,511041285,1
508051211,511041286,1
508051212,511041287,1
508051213,511041288,1
508051214,511041289,1
508051215,511041290,1
508051216,511041291,1
508051217,511041292,1
508061218,510031271,0.9997998
508061219,510021267,0.8808598
508061219,510021268,0.1191402
508061220,510031272,1
508061221,510021268,1
508061222,510021269,1
508061223,510031273,1
508061224,510021270,1
509011225,509011225,1
509011226,509011226,1
509011227,509011227,1
509011228,509011228,1
509011229,509011229,1
509011230,509011230,0.9996602
509011230,509011231,0.0003396
509011230,509031250,0.0000002
509011231,509011231,1
509011232,509011232,1
509011233,509011233,1
509011234,509011234,1
509011235,509011235,1
509021236,509021236,1
509021237,509021237,1
509021238,509021238,1
509021239,509021239,1
509021240,509021240,1
509021241,509021241,1
509021242,509021242,1
509021243,509021243,1
509021244,509021244,1
509021245,509021245,1
509031246,509031246,1
509031247,509031247,1
509031248,509031248,1
509031249,509031249,1
509031250,509031250,1
597979799,597979799,1
599999499,599999499,1
601011001,601011001,1
601011002,601011002,1
601011003,601011003,1
601021004,601021004,1
601021005,601021005,1
601021006,601021006,1
601021007,601021007,1
601021008,601021008,1
601021009,601021009,1
601021010,601021010,1
601021011,601021011,1
601021012,601021012,1
601031013,601031013,1
601031014,601031014,1
601031015,601031015,1
601031016,601031016,1
601031017,601031017,1
601031018,601031018,1
601031019,601031019,1
601031020,601031020,1
601031021,601031021,1
601041022,601041022,1
601041023,601041023,1
601041024,601041024,0.9999999
601041025,601041025,1
601041026,601041026,1
601051027,601051027,1
601051028,601051028,1
601051029,601051029,1
601051030,601051030,1
601051031,601051031,1
601051032,601051032,1
601051033,601051033,1
601061034,601061034,1
601061035,601061035,1
602011036,602011036,1
602011037,602011037,1
602011038,602011038,1
602011039,602011039,1
602011040,602011040,1
602011041,602011041,0.9999999
602011041,602011040,0.0000001
602011042,602011042,1
602011043,602011043,1
602011044,602011044,1
602011045,602011045,1
602011046,602011046,1
602011047,602011047,1
602011048,602011037,0.0217487
602011048,602011048,0.9782513
602011049,602011049,1
602011050,602011050,1
602011051,602011051,1
602011052,602011052,1
602021053,602021053,1
602021054,602021054,1
602021055,602021055,1
602021056,602021056,1
602021057,602021057,1
602031058,602031058,1
602031059,602031059,1
602031060,602031060,1
602031061,602031061,1
602031062,602031062,1
602031063,602031099,0.1016979
602031063,602031100,0.8983021
602031064,602031064,0.9999998
603011065,603011065,1
603011066,603011066,1
603011067,603011067,1
603011068,603011068,1
603021069,603021069,1
603021070,603021070,1
603021071,603021071,1
603021072,603021072,1
603031073,603031073,1
603031074,603031074,1
604011075,604011075,1
604011076,604011076,1
604011077,604011077,1
604011078,604011078,1
604011079,604011079,1
604011080,604011080,1
604011081,604011081,1
604011082,604011082,1
604011083,604011083,1
604011084,604011084,1
604021085,604021085,1
604021086,604021086,1
604021087,604021087,1
604021088,604021088,1
604021089,604021089,1
604021090,604021090,1
604021091,604021091,1
604021092,604021088,0.0026858
604021092,604021092,0.9973142
604031093,604031093,0.9999713
604031094,604031094,1
604031095,604031095,1
604031096,604031096,1
604031097,604031097,1
604031098,604031098,1
697979799,697979799,1
699999499,699999499,1
701011001,701011001,1
701011002,701011002,1
701011003,701011003,1
701011004,701011004,1
701011005,701011005,1
701011006,701011006,1
701011007,701011007,1
701011008,701011008,1
701011009,701011009,1
701021010,701021010,1
701021011,701021011,1
701021012,701021012,1
701021013,701021013,1
701021014,701021014,1
701021015,701021015,1
701021016,701021016,1
701021017,701021017,1
701021018,701021018,1
701021019,701021019,1
701021020,701021020,1
701021021,701021021,1
701021022,701021022,1
701021023,701021023,1
701021024,701021024,1
701021025,701021025,1
701021026,701021026,1
701021027,701021027,1
701021028,701021028,1
701021029,701021029,1
701021030,701021030,1
701031031,701031031,1
701031032,701031032,1
701031033,701031033,1
701031034,701031034,1
701031035,701031035,1
701041036,701041036,1
701041037,701041037,1
701041038,701041038,1
701041039,701041039,1
701041040,701041040,1
701041041,701041041,1
701041042,701041042,1
701041043,701041043,1
701041044,701041044,1
702011045,702011045,1
702011046,702011046,1
702011047,702011047,1
702011048,702011048,1
702011049,702011049,1
702011050,702011050,1
702011051,702011051,1
702011052,702011052,1
702011053,702011053,1
702011054,702011054,1
702021055,702021055,1
702021056,702021056,1
702031057,702031057,1
702031058,702031058,1
702031059,702031059,1
702031060,702031060,1
702031061,702031061,0.9999998
702041062,702041062,1
702041063,702041063,0.9999999
702041064,702041064,1
702051065,702051065,1
702051066,702051066,1
702051067,702051067,1
702051068,702051068,1
797979799,797979799,1
799999499,799999499,1
801011001,801011001,1
801011002,801011002,1
801011003,801011003,1
801011004,801011004,1
801011005,801011005,0.9999997
801011005,801011111,0.0000003
801011006,801011006,1
801011007,801011007,1
801011008,801011008,1
801011009,801011009,1
801011010,801011010,1
801011011,801011011,1
801011012,801011012,0.9998751
801011012,801041043,0.0001249
801011013,801011013,1
801011014,801011014,1
801011015,801011015,1
801011016,801011016,1
801011017,801011017,1
801011018,801011018,1
801011019,801011019,1
801011020,801011020,1
801011021,801011021,1
801011022,801011022,1
801011023,801011023,1
801011024,801011024,1
801011025,801011025,1
801011026,801011026,1
801021027,801071132,0.0102707
801021027,801081133,0.0225906
801021027,801101137,0.0020574
801021027,801101139,0.0143076
801021027,801111140,0.9419301
801021027,801111141,0.0087718
801021027,801081098,0.0000246
801021027,801101135,0.0000472
801021028,801011111,0.3433609
801021028,801011112,0.5287678
801021028,801051123,0.0001785
801021028,801101138,0.1275676
801021028,801011013,0.0000357
801021028,801051049,0.0000357
801021028,801101134,0.0000539
801021029,801111141,1
801031030,801031113,0.9562133
801031030,801061130,0.0437867
801031031,801031031,1
801031032,801031032,1
801031033,801031114,0.2971913
801031033,801031115,0.7028087
801041034,801041034,1
801041035,801041035,1
801041036,801041036,1
801041037,801041037,1
801041038,801041038,1
801041039,801041039,1
801041040,801041040,1
801041041,801041119,0.9999716
801041041,801041116,0.0000274
801041041,801041122,0.0000011
801041042,801041117,0.0555556
801041042,801041118,0.3888889
801041042,801041120,0.5
801041042,801041121,0.0555556
801041043,801041043,1
801041044,801041044,0.9999998
801041044,801041119,0.0000002
801041045,801041045,1
801041046,801041046,1
801041047,801041047,1
801041048,801041048,1
801051049,801051049,1
801051050,801051050,1
801051051,801051051,1
801051052,801051124,0.6522038
801051052,801051125,0.3475924
801051052,801051126,0.0002032
801051052,801051128,0.0000006
801051053,801051053,1
801051054,801051054,1
801051055,801051055,1
801051056,801051056,1
801051057,801051057,1
801051058,801051058,1
801051059,801051126,0.0006342
801051059,801051127,0.9993658
801051060,801051060,1
801051061,801051061,1
801061062,801061062,1
801061063,801061063,1
801061064,801061064,1
801061065,801061129,0.2844785
801061065,801061131,0.7155215
801061066,801061066,1
801061067,801061067,1
801061068,801061068,1
801061069,801061069,1
801061070,801061070,1
801071071,801071071,1
801071072,801071072,1
801071073,801071073,1
801071074,801071074,1
801071075,801071075,1
801071076,801071076,1
801071077,801071077,1
801071078,801071078,1
801071079,801071079,1
801071080,801071080,1
801071081,801071081,1
801071082,801071082,1
801071083,801071083,1
801071084,801071084,1
801071085,801071085,1
801071086,801071086,1
801071087,801071087,1
801071088,801071088,1
801071089,801071089,1
801071090,801071090,1
801081091,801081091,1
801081092,801081092,1
801081093,801081093,1
801081094,801081094,1
801081095,801081095,1
801081096,801081096,1
801081097,801081097,1
801081098,801081098,1
801091099,801091099,1
801091100,801091100,1
801091101,801091101,1
801091102,801091102,1
801091103,801091103,1
801091104,801091104,1
801091105,801091105,1
801091106,801091106,1
801091107,801091107,1
801091108,801091108,1
801091109,801091109,1
801091110,801091110,1
897979799,897979799,1
899999499,899999499,1
901011001,901011001,1
901021002,901021002,1
901031003,901031003,1
997979799,997979799,1
999999499,999999499,1